rewarding,1,1.4084507
questions,1,1.4084507
about,1,1.4084507
feel,1,1.4084507
hope,1,1.4084507
experience,1,1.4084507
whether,1,1.4084507
english,1,1.4084507
me,1,1.4084507
let,1,1.4084507
text,1,1.4084507
if,1,1.4084507
day,1,1.4084507
programming,1,1.4084507
new,1,1.4084507
need,1,1.4084507
it,1,1.4084507
topic,1,1.4084507
know,1,1.4084507
hello,1,1.4084507
doing,1,1.4084507
other,1,1.4084507
be,1,1.4084507
learning,1,1.4084507
assistance,1,1.4084507
how,1,1.4084507
can,1,1.4084507
along,1,1.4084507
are,1,1.4084507
and,1,1.4084507
today,1,1.4084507
free,1,1.4084507
certainly,1,1.4084507
m,1,1.4084507
great,1,1.4084507
way,1,1.4084507
the,1,1.4084507
help,1,1.4084507
what,1,1.4084507
ask,1,1.4084507
well,1,1.4084507
interested,1,1.4084507
language,2,2.8169014
in,2,2.8169014
re,2,2.8169014
here,2,2.8169014
have,2,2.8169014
or,2,2.8169014
i,2,2.8169014
any,2,2.8169014
s,2,2.8169014
to,2,2.8169014
a,4,5.633803
you,5,7.042254
